"Name","ReferenceDate","InstrumentType","Type","Strike","MaturityDate","SpotPrice"
"FHFD",2014-12-12,"EUROPEAN","PUT",165000,2015-01-02,34590.7
"FHFF",2014-12-12,"EUROPEAN","PUT",165500,2015-01-02,35087.88
"FHFG",2014-12-12,"EUROPEAN","PUT",166000,2015-01-02,35585.06
"FHFH",2014-12-12,"EUROPEAN","PUT",166500,2015-01-02,36082.24
"FHDF",2014-12-12,"EUROPEAN","PUT",167000,2015-01-02,36579.42
"FHFJ",2014-12-12,"EUROPEAN","PUT",167100,2015-01-02,36678.85
"FHDG",2014-12-12,"EUROPEAN","PUT",167200,2015-01-02,36778.29
"FHFK",2014-12-12,"EUROPEAN","PUT",167300,2015-01-02,36877.72
"FHDH",2014-12-12,"EUROPEAN","PUT",167400,2015-01-02,36977.16
"FHFL",2014-12-12,"EUROPEAN","PUT",167500,2015-01-02,37076.6
"FHDJ",2014-12-12,"EUROPEAN","PUT",167600,2015-01-02,37176.03
"FHFM",2014-12-12,"EUROPEAN","PUT",167700,2015-01-02,37275.47
"FHDK",2014-12-12,"EUROPEAN","PUT",167800,2015-01-02,37374.9
"FHFN",2014-12-12,"EUROPEAN","PUT",167900,2015-01-02,37474.34
"FHDL",2014-12-12,"EUROPEAN","PUT",168000,2015-01-02,37573.78
"FHDM",2014-12-12,"EUROPEAN","PUT",168200,2015-01-02,37772.65
"FHDN",2014-12-12,"EUROPEAN","PUT",168400,2015-01-02,37971.52
"FHDP",2014-12-12,"EUROPEAN","PUT",168600,2015-01-02,38170.39
"FHDQ",2014-12-12,"EUROPEAN","PUT",168800,2015-01-02,38369.26
"FHDR",2014-12-12,"EUROPEAN","PUT",169000,2015-01-02,38568.13
"FHFP",2014-12-12,"EUROPEAN","PUT",169100,2015-01-02,38667.57
"FHDS",2014-12-12,"EUROPEAN","PUT",169200,2015-01-02,38767.01
"FHFQ",2014-12-12,"EUROPEAN","PUT",169300,2015-01-02,38866.44
"FHDT",2014-12-12,"EUROPEAN","PUT",169400,2015-01-02,38965.88
"FHFR",2014-12-12,"EUROPEAN","PUT",169500,2015-01-02,39065.31
"FHDV",2014-12-12,"EUROPEAN","PUT",169600,2015-01-02,39164.75
"FHFS",2014-12-12,"EUROPEAN","PUT",169700,2015-01-02,39264.19
"FHDW",2014-12-12,"EUROPEAN","PUT",169800,2015-01-02,39363.62
"FHFT",2014-12-12,"EUROPEAN","PUT",169900,2015-01-02,39463.06
"FHDX",2014-12-12,"EUROPEAN","PUT",170000,2015-01-02,39562.49
"FHFV",2014-12-12,"EUROPEAN","PUT",170100,2015-01-02,39661.93
"FHFW",2014-12-12,"EUROPEAN","PUT",170200,2015-01-02,39761.37
"FHFX",2014-12-12,"EUROPEAN","PUT",170300,2015-01-02,39860.8
"FHFY",2014-12-12,"EUROPEAN","PUT",170400,2015-01-02,39960.24
"FHDY",2014-12-12,"EUROPEAN","PUT",170500,2015-01-02,40059.67
"FHFC",2014-12-12,"EUROPEAN","PUT",170600,2015-01-02,40159.11
"FHFZ",2014-12-12,"EUROPEAN","PUT",170700,2015-01-02,40258.54
"FHG0",2014-12-12,"EUROPEAN","PUT",170800,2015-01-02,40357.98
"FHG1",2014-12-12,"EUROPEAN","PUT",170900,2015-01-02,40457.42
"FHDZ",2014-12-12,"EUROPEAN","PUT",171000,2015-01-02,40556.85
"FHG2",2014-12-12,"EUROPEAN","PUT",171100,2015-01-02,40656.29
"FHG3",2014-12-12,"EUROPEAN","PUT",171200,2015-01-02,40755.72
"FHG4",2014-12-12,"EUROPEAN","PUT",171300,2015-01-02,40855.16
"FHG5",2014-12-12,"EUROPEAN","PUT",171400,2015-01-02,40954.6
"FHF0",2014-12-12,"EUROPEAN","PUT",171500,2015-01-02,41054.03
"FHG6",2014-12-12,"EUROPEAN","PUT",171700,2015-01-02,41252.9
"FHG7",2014-12-12,"EUROPEAN","PUT",171800,2015-01-02,41352.34
"FHG8",2014-12-12,"EUROPEAN","PUT",171900,2015-01-02,41451.78
"FHF1",2014-12-12,"EUROPEAN","PUT",172000,2015-01-02,41551.21
"FHGY",2014-12-12,"EUROPEAN","PUT",172100,2015-01-02,41650.65
"FHGZ",2014-12-12,"EUROPEAN","PUT",172200,2015-01-02,41750.08
"FHH0",2014-12-12,"EUROPEAN","PUT",172300,2015-01-02,41849.52
"FHH1",2014-12-12,"EUROPEAN","PUT",172400,2015-01-02,41948.95
"FHF2",2014-12-12,"EUROPEAN","PUT",172500,2015-01-02,42048.39
"FHH2",2014-12-12,"EUROPEAN","PUT",172600,2015-01-02,42147.83
"FHH3",2014-12-12,"EUROPEAN","PUT",172700,2015-01-02,42247.26
"FHH4",2014-12-12,"EUROPEAN","PUT",172800,2015-01-02,42346.7
"FHH5",2014-12-12,"EUROPEAN","PUT",172900,2015-01-02,42446.13
"FHF3",2014-12-12,"EUROPEAN","PUT",173000,2015-01-02,42545.57
"FHH6",2014-12-12,"EUROPEAN","PUT",173100,2015-01-02,42645.01
"FHH7",2014-12-12,"EUROPEAN","PUT",173200,2015-01-02,42744.44
"FHH8",2014-12-12,"EUROPEAN","PUT",173300,2015-01-02,42843.88
"FHH9",2014-12-12,"EUROPEAN","PUT",173400,2015-01-02,42943.31
"FHF4",2014-12-12,"EUROPEAN","PUT",173500,2015-01-02,43042.75
"FHG9",2014-12-12,"EUROPEAN","PUT",173600,2015-01-02,43142.19
"FHGB",2014-12-12,"EUROPEAN","PUT",173700,2015-01-02,43241.62
"FHGC",2014-12-12,"EUROPEAN","PUT",173800,2015-01-02,43341.06
"FHGD",2014-12-12,"EUROPEAN","PUT",173900,2015-01-02,43440.49
"FHF5",2014-12-12,"EUROPEAN","PUT",174000,2015-01-02,43539.93
"FHGF",2014-12-12,"EUROPEAN","PUT",174100,2015-01-02,43639.36
"FHGG",2014-12-12,"EUROPEAN","PUT",174200,2015-01-02,43738.8
"FHGH",2014-12-12,"EUROPEAN","PUT",174300,2015-01-02,43838.24
"FHGJ",2014-12-12,"EUROPEAN","PUT",174400,2015-01-02,43937.67
"FHF6",2014-12-12,"EUROPEAN","PUT",174500,2015-01-02,44037.11
"FHGK",2014-12-12,"EUROPEAN","PUT",174600,2015-01-02,44136.54
"FHGL",2014-12-12,"EUROPEAN","PUT",174700,2015-01-02,44235.98
"FHGM",2014-12-12,"EUROPEAN","PUT",174800,2015-01-02,44335.42
"FHGN",2014-12-12,"EUROPEAN","PUT",174900,2015-01-02,44434.85
"FHF7",2014-12-12,"EUROPEAN","PUT",175000,2015-01-02,44534.29
"FHGP",2014-12-12,"EUROPEAN","PUT",175100,2015-01-02,44633.72
"FHGQ",2014-12-12,"EUROPEAN","PUT",175200,2015-01-02,44733.16
"FHGR",2014-12-12,"EUROPEAN","PUT",175300,2015-01-02,44832.6
"FHGS",2014-12-12,"EUROPEAN","PUT",175400,2015-01-02,44932.03
"FHF8",2014-12-12,"EUROPEAN","PUT",175500,2015-01-02,45031.47
"FHGT",2014-12-12,"EUROPEAN","PUT",175600,2015-01-02,45130.9
"FHGV",2014-12-12,"EUROPEAN","PUT",175700,2015-01-02,45230.34
"FHGW",2014-12-12,"EUROPEAN","PUT",175800,2015-01-02,45329.77
"FHGX",2014-12-12,"EUROPEAN","PUT",175900,2015-01-02,45429.21
"FHF9",2014-12-12,"EUROPEAN","PUT",176000,2015-01-02,45528.65
"FHHB",2014-12-12,"EUROPEAN","PUT",176300,2015-01-02,45826.95
"FHHC",2014-12-12,"EUROPEAN","PUT",176400,2015-01-02,45926.39
"FHFB",2014-12-12,"EUROPEAN","PUT",176500,2015-01-02,46025.83
"FHD6",2014-12-12,"EUROPEAN","PUT",177000,2015-01-02,46523.01
"FHD7",2014-12-12,"EUROPEAN","PUT",177500,2015-01-02,47020.18
"FHD8",2014-12-12,"EUROPEAN","PUT",178000,2015-01-02,47517.36
"FHD9",2014-12-12,"EUROPEAN","PUT",178500,2015-01-02,48014.54
"FHDB",2014-12-12,"EUROPEAN","PUT",179000,2015-01-02,48511.72
"FHDC",2014-12-12,"EUROPEAN","PUT",179500,2015-01-02,49008.9
"FHDD",2014-12-12,"EUROPEAN","PUT",180000,2015-01-02,49506.08
"FHD0",2014-12-12,"EUROPEAN","PUT",180500,2015-01-02,50003.26
"FHD1",2014-12-12,"EUROPEAN","PUT",181000,2015-01-02,50500.44
"FHD2",2014-12-12,"EUROPEAN","PUT",181500,2015-01-02,50997.62
"FHD3",2014-12-12,"EUROPEAN","PUT",182000,2015-01-02,51494.8
"FHD4",2014-12-12,"EUROPEAN","PUT",182500,2015-01-02,51991.98
"FHD5",2014-12-12,"EUROPEAN","PUT",183000,2015-01-02,52489.16
"GHD0",2014-12-12,"EUROPEAN","PUT",175900,2015-02-02,43819.47
"GHD1",2014-12-12,"EUROPEAN","PUT",176000,2015-02-02,43917.99
"GHD2",2014-12-12,"EUROPEAN","PUT",176100,2015-02-02,44016.51
"GHD3",2014-12-12,"EUROPEAN","PUT",176200,2015-02-02,44115.03
"HHD0",2014-12-12,"EUROPEAN","PUT",177400,2015-03-02,43880.2
"HHD1",2014-12-12,"EUROPEAN","PUT",177500,2015-03-02,43977.92
"HHD2",2014-12-12,"EUROPEAN","PUT",177600,2015-03-02,44075.64
"HHD3",2014-12-12,"EUROPEAN","PUT",177700,2015-03-02,44173.37
"HHD4",2014-12-12,"EUROPEAN","PUT",177800,2015-03-02,44271.09
"HHD5",2014-12-12,"EUROPEAN","PUT",177900,2015-03-02,44368.81
"HHD6",2014-12-12,"EUROPEAN","PUT",178000,2015-03-02,44466.53
"JHDP",2014-12-12,"EUROPEAN","PUT",177500,2015-04-01,42211.67
"JHDQ",2014-12-12,"EUROPEAN","PUT",177600,2015-04-01,42308.39
"JHDR",2014-12-12,"EUROPEAN","PUT",177700,2015-04-01,42405.12
"JHDS",2014-12-12,"EUROPEAN","PUT",177800,2015-04-01,42501.85
"JHDT",2014-12-12,"EUROPEAN","PUT",177900,2015-04-01,42598.57
"JHDV",2014-12-12,"EUROPEAN","PUT",178000,2015-04-01,42695.3
"JHDW",2014-12-12,"EUROPEAN","PUT",178100,2015-04-01,42792.03
"JHDX",2014-12-12,"EUROPEAN","PUT",178200,2015-04-01,42888.75
"JHDY",2014-12-12,"EUROPEAN","PUT",178300,2015-04-01,42985.48
"JHDZ",2014-12-12,"EUROPEAN","PUT",178400,2015-04-01,43082.21
"JHD0",2014-12-12,"EUROPEAN","PUT",178500,2015-04-01,43178.93
"JHD1",2014-12-12,"EUROPEAN","PUT",178600,2015-04-01,43275.66
"JHD2",2014-12-12,"EUROPEAN","PUT",178700,2015-04-01,43372.39
"JHD3",2014-12-12,"EUROPEAN","PUT",178800,2015-04-01,43469.12
"JHD4",2014-12-12,"EUROPEAN","PUT",178900,2015-04-01,43565.84
"JHD5",2014-12-12,"EUROPEAN","PUT",179000,2015-04-01,43662.57
"JHD6",2014-12-12,"EUROPEAN","PUT",179100,2015-04-01,43759.3
"JHD7",2014-12-12,"EUROPEAN","PUT",179200,2015-04-01,43856.02
"JHD8",2014-12-12,"EUROPEAN","PUT",179300,2015-04-01,43952.75
"JHD9",2014-12-12,"EUROPEAN","PUT",179400,2015-04-01,44049.48
"JHDB",2014-12-12,"EUROPEAN","PUT",179500,2015-04-01,44146.2
"JHDC",2014-12-12,"EUROPEAN","PUT",179600,2015-04-01,44242.93
"JHDD",2014-12-12,"EUROPEAN","PUT",179700,2015-04-01,44339.66
"JHDF",2014-12-12,"EUROPEAN","PUT",179800,2015-04-01,44436.38
"JHDG",2014-12-12,"EUROPEAN","PUT",179900,2015-04-01,44533.11
"JHDH",2014-12-12,"EUROPEAN","PUT",180000,2015-04-01,44629.84
"JHDJ",2014-12-12,"EUROPEAN","PUT",180100,2015-04-01,44726.56
"JHDK",2014-12-12,"EUROPEAN","PUT",180200,2015-04-01,44823.29
"JHDL",2014-12-12,"EUROPEAN","PUT",180300,2015-04-01,44920.02
"JHDM",2014-12-12,"EUROPEAN","PUT",180400,2015-04-01,45016.74
"JHDN",2014-12-12,"EUROPEAN","PUT",180500,2015-04-01,45113.47
"NHD3",2014-12-12,"EUROPEAN","PUT",180000,2015-07-01,39683.98
"NHD4",2014-12-12,"EUROPEAN","PUT",181000,2015-07-01,40623.77
"NHD5",2014-12-12,"EUROPEAN","PUT",182000,2015-07-01,41563.56
"NHDW",2014-12-12,"EUROPEAN","PUT",182100,2015-07-01,41657.54
"NHDX",2014-12-12,"EUROPEAN","PUT",182200,2015-07-01,41751.52
"NHDY",2014-12-12,"EUROPEAN","PUT",182300,2015-07-01,41845.5
"NHDZ",2014-12-12,"EUROPEAN","PUT",182400,2015-07-01,41939.48
"NHF0",2014-12-12,"EUROPEAN","PUT",182500,2015-07-01,42033.46
"NHF1",2014-12-12,"EUROPEAN","PUT",182600,2015-07-01,42127.44
"NHF2",2014-12-12,"EUROPEAN","PUT",182700,2015-07-01,42221.42
"NHF3",2014-12-12,"EUROPEAN","PUT",182800,2015-07-01,42315.4
"NHF4",2014-12-12,"EUROPEAN","PUT",182900,2015-07-01,42409.38
"NHD6",2014-12-12,"EUROPEAN","PUT",183000,2015-07-01,42503.35
"NHD7",2014-12-12,"EUROPEAN","PUT",183100,2015-07-01,42597.33
"NHD8",2014-12-12,"EUROPEAN","PUT",183200,2015-07-01,42691.31
"NHD9",2014-12-12,"EUROPEAN","PUT",183300,2015-07-01,42785.29
"NHDB",2014-12-12,"EUROPEAN","PUT",183400,2015-07-01,42879.27
"NHDC",2014-12-12,"EUROPEAN","PUT",183500,2015-07-01,42973.25
"NHDD",2014-12-12,"EUROPEAN","PUT",183600,2015-07-01,43067.23
"NHDF",2014-12-12,"EUROPEAN","PUT",183700,2015-07-01,43161.21
"NHDG",2014-12-12,"EUROPEAN","PUT",183800,2015-07-01,43255.19
"NHDH",2014-12-12,"EUROPEAN","PUT",183900,2015-07-01,43349.17
"NHDJ",2014-12-12,"EUROPEAN","PUT",184000,2015-07-01,43443.15
"NHDK",2014-12-12,"EUROPEAN","PUT",184100,2015-07-01,43537.13
"NHDL",2014-12-12,"EUROPEAN","PUT",184200,2015-07-01,43631.1
"NHDM",2014-12-12,"EUROPEAN","PUT",184300,2015-07-01,43725.08
"NHDN",2014-12-12,"EUROPEAN","PUT",184400,2015-07-01,43819.06
"NHDP",2014-12-12,"EUROPEAN","PUT",184500,2015-07-01,43913.04
"NHDQ",2014-12-12,"EUROPEAN","PUT",184600,2015-07-01,44007.02
"NHDR",2014-12-12,"EUROPEAN","PUT",184700,2015-07-01,44101
"NHDS",2014-12-12,"EUROPEAN","PUT",184800,2015-07-01,44194.98
"NHDT",2014-12-12,"EUROPEAN","PUT",184900,2015-07-01,44288.96
"NHDV",2014-12-12,"EUROPEAN","PUT",185000,2015-07-01,44382.94
"NHF5",2014-12-12,"EUROPEAN","PUT",185100,2015-07-01,44476.92
"NHF6",2014-12-12,"EUROPEAN","PUT",185200,2015-07-01,44570.9
"NHF7",2014-12-12,"EUROPEAN","PUT",185300,2015-07-01,44664.88
"NHF8",2014-12-12,"EUROPEAN","PUT",185400,2015-07-01,44758.85
"NHF9",2014-12-12,"EUROPEAN","PUT",185500,2015-07-01,44852.83
"NHFB",2014-12-12,"EUROPEAN","PUT",185600,2015-07-01,44946.81
"NHFC",2014-12-12,"EUROPEAN","PUT",185700,2015-07-01,45040.79
"NHFD",2014-12-12,"EUROPEAN","PUT",185800,2015-07-01,45134.77
"NHFF",2014-12-12,"EUROPEAN","PUT",185900,2015-07-01,45228.75
"NHD0",2014-12-12,"EUROPEAN","PUT",189000,2015-07-01,48142.1
"NHD1",2014-12-12,"EUROPEAN","PUT",190000,2015-07-01,49081.9
"NHD2",2014-12-12,"EUROPEAN","PUT",191000,2015-07-01,50021.69
"VHD0",2014-12-12,"EUROPEAN","PUT",189100,2015-10-01,42794.35
"VHD1",2014-12-12,"EUROPEAN","PUT",190000,2015-10-01,43614.26
"VHD2",2014-12-12,"EUROPEAN","PUT",190100,2015-10-01,43705.36
"VHD3",2014-12-12,"EUROPEAN","PUT",190200,2015-10-01,43796.47
"VHD4",2014-12-12,"EUROPEAN","PUT",190300,2015-10-01,43887.57
"VHD5",2014-12-12,"EUROPEAN","PUT",190400,2015-10-01,43978.67
"VHD6",2014-12-12,"EUROPEAN","PUT",190500,2015-10-01,44069.77
"FJD0",2014-12-12,"EUROPEAN","PUT",190000,2016-01-04,38466.39
"FJF3",2014-12-12,"EUROPEAN","PUT",190100,2016-01-04,38554.79
"FJF4",2014-12-12,"EUROPEAN","PUT",190200,2016-01-04,38643.18
"FJF5",2014-12-12,"EUROPEAN","PUT",190300,2016-01-04,38731.57
"FJF6",2014-12-12,"EUROPEAN","PUT",190400,2016-01-04,38819.96
"FJD1",2014-12-12,"EUROPEAN","PUT",190500,2016-01-04,38908.35
"FJF7",2014-12-12,"EUROPEAN","PUT",190600,2016-01-04,38996.75
"FJF8",2014-12-12,"EUROPEAN","PUT",190700,2016-01-04,39085.14
"FJF9",2014-12-12,"EUROPEAN","PUT",190800,2016-01-04,39173.53
"FJFB",2014-12-12,"EUROPEAN","PUT",190900,2016-01-04,39261.92
"FJD2",2014-12-12,"EUROPEAN","PUT",191000,2016-01-04,39350.31
"FJFC",2014-12-12,"EUROPEAN","PUT",191100,2016-01-04,39438.71
"FJFD",2014-12-12,"EUROPEAN","PUT",191200,2016-01-04,39527.1
"FJFF",2014-12-12,"EUROPEAN","PUT",191300,2016-01-04,39615.49
"FJFG",2014-12-12,"EUROPEAN","PUT",191400,2016-01-04,39703.88
"FJD3",2014-12-12,"EUROPEAN","PUT",191500,2016-01-04,39792.27
"FJFH",2014-12-12,"EUROPEAN","PUT",191600,2016-01-04,39880.67
"FJFJ",2014-12-12,"EUROPEAN","PUT",191700,2016-01-04,39969.06
"FJFK",2014-12-12,"EUROPEAN","PUT",191800,2016-01-04,40057.45
"FJFL",2014-12-12,"EUROPEAN","PUT",191900,2016-01-04,40145.84
"FJFM",2014-12-12,"EUROPEAN","PUT",192000,2016-01-04,40234.23
"FJFN",2014-12-12,"EUROPEAN","PUT",192100,2016-01-04,40322.63
"FJFP",2014-12-12,"EUROPEAN","PUT",192200,2016-01-04,40411.02
"FJFQ",2014-12-12,"EUROPEAN","PUT",192300,2016-01-04,40499.41
"FJFR",2014-12-12,"EUROPEAN","PUT",192400,2016-01-04,40587.8
"FJDM",2014-12-12,"EUROPEAN","PUT",192500,2016-01-04,40676.2
"FJDN",2014-12-12,"EUROPEAN","PUT",192600,2016-01-04,40764.59
"FJDP",2014-12-12,"EUROPEAN","PUT",192700,2016-01-04,40852.98
"FJDQ",2014-12-12,"EUROPEAN","PUT",192800,2016-01-04,40941.37
"FJDR",2014-12-12,"EUROPEAN","PUT",192900,2016-01-04,41029.76
"FJDS",2014-12-12,"EUROPEAN","PUT",193000,2016-01-04,41118.16
"FJDT",2014-12-12,"EUROPEAN","PUT",193100,2016-01-04,41206.55
"FJDV",2014-12-12,"EUROPEAN","PUT",193200,2016-01-04,41294.94
"FJDW",2014-12-12,"EUROPEAN","PUT",193300,2016-01-04,41383.33
"FJDH",2014-12-12,"EUROPEAN","PUT",193400,2016-01-04,41471.72
"FJDX",2014-12-12,"EUROPEAN","PUT",193500,2016-01-04,41560.12
"FJFS",2014-12-12,"EUROPEAN","PUT",193600,2016-01-04,41648.51
"FJFT",2014-12-12,"EUROPEAN","PUT",193700,2016-01-04,41736.9
"FJDJ",2014-12-12,"EUROPEAN","PUT",193800,2016-01-04,41825.29
"FJFV",2014-12-12,"EUROPEAN","PUT",193900,2016-01-04,41913.68
"FJFW",2014-12-12,"EUROPEAN","PUT",194000,2016-01-04,42002.08
"FJFX",2014-12-12,"EUROPEAN","PUT",194100,2016-01-04,42090.47
"FJFY",2014-12-12,"EUROPEAN","PUT",194200,2016-01-04,42178.86
"FJFZ",2014-12-12,"EUROPEAN","PUT",194300,2016-01-04,42267.25
"FJG0",2014-12-12,"EUROPEAN","PUT",194400,2016-01-04,42355.64
"FJG1",2014-12-12,"EUROPEAN","PUT",194500,2016-01-04,42444.04
"FJG2",2014-12-12,"EUROPEAN","PUT",194600,2016-01-04,42532.43
"FJG3",2014-12-12,"EUROPEAN","PUT",194700,2016-01-04,42620.82
"FJG4",2014-12-12,"EUROPEAN","PUT",194800,2016-01-04,42709.21
"FJG5",2014-12-12,"EUROPEAN","PUT",194900,2016-01-04,42797.6
"FJDK",2014-12-12,"EUROPEAN","PUT",195000,2016-01-04,42886
"FJG6",2014-12-12,"EUROPEAN","PUT",195100,2016-01-04,42974.39
"FJG7",2014-12-12,"EUROPEAN","PUT",195200,2016-01-04,43062.78
"FJG8",2014-12-12,"EUROPEAN","PUT",195300,2016-01-04,43151.17
"FJG9",2014-12-12,"EUROPEAN","PUT",195400,2016-01-04,43239.56
"FJDL",2014-12-12,"EUROPEAN","PUT",195500,2016-01-04,43327.96
"FJGB",2014-12-12,"EUROPEAN","PUT",195600,2016-01-04,43416.35
"FJGC",2014-12-12,"EUROPEAN","PUT",195700,2016-01-04,43504.74
"FJGD",2014-12-12,"EUROPEAN","PUT",195800,2016-01-04,43593.13
"FJGF",2014-12-12,"EUROPEAN","PUT",195900,2016-01-04,43681.52
"FJDY",2014-12-12,"EUROPEAN","PUT",196000,2016-01-04,43769.92
"FJGG",2014-12-12,"EUROPEAN","PUT",196200,2016-01-04,43946.7
"FJDZ",2014-12-12,"EUROPEAN","PUT",196500,2016-01-04,44211.88
"FJF0",2014-12-12,"EUROPEAN","PUT",197000,2016-01-04,44653.84
"FJF1",2014-12-12,"EUROPEAN","PUT",197500,2016-01-04,45095.8
"FJF2",2014-12-12,"EUROPEAN","PUT",198000,2016-01-04,45537.76
"FJD4",2014-12-12,"EUROPEAN","PUT",199000,2016-01-04,46421.68
"FJD5",2014-12-12,"EUROPEAN","PUT",199100,2016-01-04,46510.07
"FJD6",2014-12-12,"EUROPEAN","PUT",199200,2016-01-04,46598.46
"FJD7",2014-12-12,"EUROPEAN","PUT",199300,2016-01-04,46686.85
"FJD8",2014-12-12,"EUROPEAN","PUT",199400,2016-01-04,46775.25
"FJD9",2014-12-12,"EUROPEAN","PUT",199500,2016-01-04,46863.64
"FJDB",2014-12-12,"EUROPEAN","PUT",199600,2016-01-04,46952.03
"FJDC",2014-12-12,"EUROPEAN","PUT",199700,2016-01-04,47040.42
"FJDD",2014-12-12,"EUROPEAN","PUT",199800,2016-01-04,47128.82
"FJDF",2014-12-12,"EUROPEAN","PUT",199900,2016-01-04,47217.21
"FJDG",2014-12-12,"EUROPEAN","PUT",2e+05,2016-01-04,47305.6
"NJD3",2014-12-12,"EUROPEAN","PUT",2e+05,2016-07-01,37200.82
"NJD4",2014-12-12,"EUROPEAN","PUT",201000,2016-07-01,38034.22
"NJD5",2014-12-12,"EUROPEAN","PUT",202000,2016-07-01,38867.62
"NJD6",2014-12-12,"EUROPEAN","PUT",203000,2016-07-01,39701.01
"NJD7",2014-12-12,"EUROPEAN","PUT",204000,2016-07-01,40534.41
"NJD8",2014-12-12,"EUROPEAN","PUT",205000,2016-07-01,41367.81
"NJD9",2014-12-12,"EUROPEAN","PUT",206000,2016-07-01,42201.2
"NJDB",2014-12-12,"EUROPEAN","PUT",207000,2016-07-01,43034.6
"NJDC",2014-12-12,"EUROPEAN","PUT",208000,2016-07-01,43868
"NJDD",2014-12-12,"EUROPEAN","PUT",209000,2016-07-01,44701.39
"NJDF",2014-12-12,"EUROPEAN","PUT",210000,2016-07-01,45534.79
"NJDG",2014-12-12,"EUROPEAN","PUT",211000,2016-07-01,46368.19
"NJDH",2014-12-12,"EUROPEAN","PUT",212000,2016-07-01,47201.58
"NJD0",2014-12-12,"EUROPEAN","PUT",213000,2016-07-01,48034.98
"NJD1",2014-12-12,"EUROPEAN","PUT",214000,2016-07-01,48868.38
"NJD2",2014-12-12,"EUROPEAN","PUT",215000,2016-07-01,49701.77
"FKD4",2014-12-12,"EUROPEAN","PUT",191000,2017-01-02,20596.21
"FKD5",2014-12-12,"EUROPEAN","PUT",191500,2017-01-02,20988.89
"FKD6",2014-12-12,"EUROPEAN","PUT",192000,2017-01-02,21381.61
"FKD7",2014-12-12,"EUROPEAN","PUT",192500,2017-01-02,21774.35
"FKD8",2014-12-12,"EUROPEAN","PUT",193000,2017-01-02,22167.12
"FKD9",2014-12-12,"EUROPEAN","PUT",193500,2017-01-02,22559.9
"FKDB",2014-12-12,"EUROPEAN","PUT",194000,2017-01-02,22952.7
"FKDC",2014-12-12,"EUROPEAN","PUT",194500,2017-01-02,23345.52
"FKDD",2014-12-12,"EUROPEAN","PUT",195000,2017-01-02,23738.34
"FKDF",2014-12-12,"EUROPEAN","PUT",195500,2017-01-02,24131.17
"FKDG",2014-12-12,"EUROPEAN","PUT",196000,2017-01-02,24524.01
"FKDH",2014-12-12,"EUROPEAN","PUT",196500,2017-01-02,24916.85
"FKDJ",2014-12-12,"EUROPEAN","PUT",197000,2017-01-02,25309.7
"FKDK",2014-12-12,"EUROPEAN","PUT",197500,2017-01-02,25702.55
"FKDL",2014-12-12,"EUROPEAN","PUT",198000,2017-01-02,26095.4
"FKDM",2014-12-12,"EUROPEAN","PUT",198500,2017-01-02,26488.26
"FKDN",2014-12-12,"EUROPEAN","PUT",199000,2017-01-02,26881.11
"FKDP",2014-12-12,"EUROPEAN","PUT",2e+05,2017-01-02,27666.83
"FKDQ",2014-12-12,"EUROPEAN","PUT",200500,2017-01-02,28059.69
"FKDR",2014-12-12,"EUROPEAN","PUT",201000,2017-01-02,28452.55
"FKDS",2014-12-12,"EUROPEAN","PUT",201500,2017-01-02,28845.42
"FKDT",2014-12-12,"EUROPEAN","PUT",202000,2017-01-02,29238.28
"FKDV",2014-12-12,"EUROPEAN","PUT",202500,2017-01-02,29631.14
"FKDW",2014-12-12,"EUROPEAN","PUT",203000,2017-01-02,30024
"FKDX",2014-12-12,"EUROPEAN","PUT",203500,2017-01-02,30416.86
"FKDY",2014-12-12,"EUROPEAN","PUT",204000,2017-01-02,30809.73
"FKDZ",2014-12-12,"EUROPEAN","PUT",204500,2017-01-02,31202.59
"FKF0",2014-12-12,"EUROPEAN","PUT",205000,2017-01-02,31595.45
"FKFB",2014-12-12,"EUROPEAN","PUT",206000,2017-01-02,32381.18
"FKFC",2014-12-12,"EUROPEAN","PUT",207000,2017-01-02,33166.91
"FKFD",2014-12-12,"EUROPEAN","PUT",208000,2017-01-02,33952.63
"FKFF",2014-12-12,"EUROPEAN","PUT",209000,2017-01-02,34738.36
"FKFG",2014-12-12,"EUROPEAN","PUT",210000,2017-01-02,35524.09
"FKFH",2014-12-12,"EUROPEAN","PUT",211000,2017-01-02,36309.81
"FKFJ",2014-12-12,"EUROPEAN","PUT",212000,2017-01-02,37095.54
"FKFK",2014-12-12,"EUROPEAN","PUT",213000,2017-01-02,37881.27
"FKFL",2014-12-12,"EUROPEAN","PUT",214000,2017-01-02,38666.99
"FKD0",2014-12-12,"EUROPEAN","PUT",215000,2017-01-02,39452.72
"FKF2",2014-12-12,"EUROPEAN","PUT",216000,2017-01-02,40238.45
"FKF3",2014-12-12,"EUROPEAN","PUT",217000,2017-01-02,41024.17
"FKF4",2014-12-12,"EUROPEAN","PUT",218000,2017-01-02,41809.9
"FKF5",2014-12-12,"EUROPEAN","PUT",219000,2017-01-02,42595.63
"FKD1",2014-12-12,"EUROPEAN","PUT",220000,2017-01-02,43381.35
"FKF6",2014-12-12,"EUROPEAN","PUT",221000,2017-01-02,44167.08
"FKF7",2014-12-12,"EUROPEAN","PUT",222000,2017-01-02,44952.81
"FKF8",2014-12-12,"EUROPEAN","PUT",223000,2017-01-02,45738.53
"FKF9",2014-12-12,"EUROPEAN","PUT",224000,2017-01-02,46524.26
"FKD2",2014-12-12,"EUROPEAN","PUT",225000,2017-01-02,47309.99
"FKD3",2014-12-12,"EUROPEAN","PUT",230000,2017-01-02,51238.62
"FKF1",2014-12-12,"EUROPEAN","PUT",235000,2017-01-02,55167.25
"FPD0",2014-12-12,"EUROPEAN","PUT",351000,2021-01-04,44368.68
"FPD1",2014-12-12,"EUROPEAN","PUT",361000,2021-01-04,49321.44
"FPD2",2014-12-12,"EUROPEAN","PUT",371000,2021-01-04,54274.32
"FPD3",2014-12-12,"EUROPEAN","PUT",381000,2021-01-04,59227.22
"FPD4",2014-12-12,"EUROPEAN","PUT",391000,2021-01-04,64180.12
"FPD5",2014-12-12,"EUROPEAN","PUT",401000,2021-01-04,69133.03
"FPD6",2014-12-12,"EUROPEAN","PUT",411000,2021-01-04,74085.93
"FPD7",2014-12-12,"EUROPEAN","PUT",421000,2021-01-04,79038.84
"FPD8",2014-12-12,"EUROPEAN","PUT",431000,2021-01-04,83991.75
"FPD9",2014-12-12,"EUROPEAN","PUT",441000,2021-01-04,88944.65
"FPDB",2014-12-12,"EUROPEAN","PUT",451000,2021-01-04,93897.56
